date,version,capital_cap_usd,capital_in_use_avg_usd,fills,contracts,trading_usd,maker_rebates_usd,liquidity_rewards_usd,net_usd,net_pct_of_capital_in_use,cumulative_net_usd,drawdown_usd
2026-09-05,v00,20,6.46,0,0.00,0.00,0.00,4.31,4.31,66.7,4.31,0.00
2026-09-06,v00,20,13.30,273,264.08,4.78,0.00,0.00,4.78,35.9,9.09,0.00
2026-09-07,v00,20,13.59,237,228.53,-3.62,0.00,0.00,-3.62,-26.7,5.46,-3.62
2026-09-08,v00,20,4.30,2,1.00,-0.06,0.00,0.00,-0.06,-1.4,5.40,-3.68
2026-09-09,v00,20,14.33,503,462.98,2.62,0.00,1.54,4.16,29.0,9.56,0.00
2026-09-10,v00,20,15.76,736,687.60,-1.84,0.00,1.76,-0.08,-0.5,9.48,-0.08
2026-09-11,v01,20,14.51,658,616.55,2.83,0.00,0.00,2.83,19.5,12.31,0.00
2026-09-12,v01,20,15.22,726,683.31,1.17,0.00,0.00,1.17,7.7,13.48,0.00
2026-09-13,v03,20,16.19,496,475.44,-1.58,0.00,0.00,-1.58,-9.7,11.90,-1.58
2026-09-14,v03,20,14.97,505,458.64,5.60,0.00,0.00,5.60,37.4,17.50,0.00
2026-09-15,v05,40,28.32,804,749.94,-6.17,0.00,0.00,-6.17,-21.8,11.33,-6.17
2026-09-16,v06,40,30.77,689,673.18,2.87,0.00,0.00,2.87,9.3,14.20,-3.30
2026-09-17,v06,40,23.64,834,811.70,7.44,0.00,1.26,8.70,36.8,22.90,0.00
2026-09-18,v06,40,20.91,262,253.97,2.81,0.00,0.00,2.81,13.5,25.71,0.00
2026-09-19,v06,40,29.24,731,714.99,-0.29,0.00,0.00,-0.29,-1.0,25.42,-0.29
2026-09-20,v06,40,29.75,622,604.33,1.11,0.00,0.00,1.11,3.7,26.54,0.00
2026-09-21,v06,40,33.28,839,813.59,-7.96,0.00,0.00,-7.96,-23.9,18.57,-7.96
2026-09-22,v08,60,43.32,774,1090.19,4.85,1.60,0.00,6.45,14.9,25.02,-1.52
2026-09-23,v08,60,52.32,900,1474.48,-0.31,2.25,2.49,4.43,8.5,29.45,0.00
2026-09-24,v09,60,50.26,587,1035.91,0.39,1.83,0.00,2.22,4.4,31.67,0.00
2026-09-25,v09,60,51.33,546,977.96,-12.23,1.61,0.00,-10.62,-20.7,21.04,-10.62
2026-09-26,v09,60,54.16,651,1166.54,5.45,2.18,0.00,7.63,14.1,28.67,-3.00
2026-09-27,v09,60,53.44,599,1060.48,5.71,1.87,0.00,7.58,14.2,36.25,0.00
2026-09-28,v09,60,54.39,635,1143.06,-4.09,1.98,0.00,-2.11,-3.9,34.15,-2.11
2026-09-29,v10,60,55.17,690,1550.37,-6.78,3.15,0.00,-3.63,-6.6,30.51,-5.74
2026-09-30,v10,60,55.01,475,1123.22,1.05,2.30,0.00,3.35,6.1,33.87,-2.39
2026-10-01,v11,60,50.44,570,1394.80,4.97,2.56,0.00,7.53,14.9,41.40,0.00
2026-10-02,v12/13,60,45.57,755,1647.79,1.32,3.16,0.00,4.48,9.8,45.87,0.00
2026-10-03,v12/13,60,44.36,490,1150.42,2.92,1.96,0.00,4.88,11.0,50.76,0.00
2026-10-04,v12/13,60,38.82,587,1270.84,4.32,2.83,0.00,7.15,18.4,57.90,0.00
2026-10-05,v12/13,60,43.17,466,1005.13,-1.10,1.75,0.00,0.65,1.5,58.56,0.00
2026-10-06,v12/13,60,40.78,448,1022.20,-6.58,1.73,0.00,-4.85,-11.9,53.71,-4.85
2026-10-07,v12/13,60,43.75,543,1178.56,6.60,2.45,0.00,9.05,20.7,62.76,0.00
