version,live_from_et,live_to_et,days,capital_cap_usd,capital_in_use_avg_usd,change,fills,contracts,trading_usd,maker_rebates_usd,liquidity_rewards_usd,net_usd,net_per_day_usd,net_per_day_pct_of_capital_in_use,net_per_contract_cents
v00,"Sep 5, 11:34 AM","Sep 11, 2:33 AM",5.62,20,13.07,First version: a $20 test run that quotes both sides of every bracket off Kalshi prices.,1806,1698,0.78,0.00,7.61,8.39,1.49,11.4,0.49
v01,"Sep 11, 2:33 AM","Sep 12, 9:28 PM",1.79,20,14.66,Joins the queue at the best price and goes after the liquidity rewards.,1282,1200,4.56,0.00,0.00,4.56,2.55,17.4,0.38
v02,"Sep 12, 9:28 PM","Sep 13, 1:39 AM",0.17,20,17.03,"Detects exchange halts and settled markets, and reports its safety limits to the monitor.",88,91,0.55,0.00,0.00,0.55,3.19,18.7,0.61
v03,"Sep 13, 1:39 AM","Sep 14, 8:03 PM",1.77,20,15.33,Waits for fill confirmation before taking on more risk (added after an exchange data outage).,925,862,4.85,0.00,0.00,4.85,2.74,17.9,0.56
v04,"Sep 14, 8:03 PM","Sep 15, 4:04 AM",0.33,20,17.86,Combines the fixes above into a single build.,94,87,-5.58,0.00,0.00,-5.58,-16.70,-93.5,-6.44
v05,"Sep 15, 4:04 AM","Sep 15, 3:48 PM",0.49,40,27.03,Raises the cap to $40 to cover more markets at the same order size.,550,504,-0.72,0.00,0.00,-0.72,-1.47,-5.4,-0.14
v06,"Sep 15, 3:48 PM","Sep 21, 6:08 PM",6.10,40,28.00,Pulls resting quotes as soon as Kalshi moves.,4063,3951,6.97,0.00,1.26,8.23,1.35,4.8,0.21
v07,"Sep 21, 6:08 PM","Sep 22, 10:11 AM",0.67,40,33.14,"Restarts the bot as a long-running service, with no logic changes.",369,358,-2.95,0.00,0.00,-2.95,-4.41,-13.3,-0.82
v08,"Sep 22, 10:11 AM","Sep 24, 4:07 AM",1.75,60,52.13,Uses larger orders and raises the cap to $60.,1484,2438,5.03,3.96,2.49,11.48,6.57,12.6,0.47
v09,"Sep 24, 4:07 AM","Sep 29, 8:51 AM",5.20,60,52.83,Adds a soft stop that winds positions down after a losing stretch.,3118,5563,-8.58,9.76,0.00,1.18,0.23,0.4,0.02
v10,"Sep 29, 8:51 AM","Oct 1, 10:16 AM",2.06,60,52.98,Uses larger orders again.,1184,2793,-2.95,5.74,0.00,2.79,1.35,2.6,0.10
v11,"Oct 1, 10:16 AM","Oct 2, 9:32 AM",0.97,60,54.86,"Drops an outside model input, so fair value comes from Kalshi alone.",548,1328,3.08,2.45,0.00,5.53,5.71,10.4,0.42
v12/13,"Oct 2, 9:32 AM","Oct 9, 11:16 AM",6.60,60,40.95,"Quotes only same-day markets, so nothing is held overnight. v13 adds a small safety fix for wind-downs.",3665,8057,13.69,14.94,0.00,28.63,4.34,10.6,0.36
